{
    "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": {
        "cooldown_until": 1773516855.1130483,
        "usage_count": 2,
        "status": "active"
    },
    "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": {
        "cooldown_until": 1773516792.9759605,
        "usage_count": 1,
        "status": "active"
    },
    "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": {
        "cooldown_until": 1773516792.99291,
        "usage_count": 0,
        "status": "active"
    },
    "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": {
        "cooldown_until": 1773516824.0508149,
        "usage_count": 1,
        "status": "active"
    }
}